,Random Forest,Decision Tree,SVM,Logistic Regression,kNN
Accuracy,1.0,1.0,1.0,1.0,1.0
Precision,1.0,1.0,1.0,1.0,1.0
Recall,1.0,1.0,1.0,1.0,1.0
F1-score,1.0,1.0,1.0,1.0,1.0
ROC-AUC,1.0,1.0,1.0,1.0,1.0
Train Time (s),56.266072511672974,0.8978407382965088,1064.7154524326324,0.555778980255127,0.03977036476135254
Inference Latency (ms),7.082207202911377,0.1831197738647461,0.23603200912475586,0.15129804611206055,50.54673671722412
Peak Memory (MB),115.66426849365234,95.9092378616333,117.67120456695557,23.148993492126465,34.30948257446289
